date,puzzle_id,weekday,solve_time_secs,opened_unix,solved_unix,cheated
2024-06-01,22008,Sat,,,,false
2024-06-02,22010,Sun,,,,false
2024-06-03,22019,Mon,,,,false
2024-06-04,22024,Tue,,,,false
2024-06-05,22021,Wed,,,,false
2024-06-06,22022,Thu,,,,false
2024-06-07,22023,Fri,,,,false
2024-06-08,22025,Sat,,,,false
2024-06-09,22020,Sun,,,,false
2024-06-10,22037,Mon,,,,false
2024-06-11,22040,Tue,,,,false
2024-06-12,22039,Wed,,,,false
2024-06-13,22038,Thu,,,,false
2024-06-14,22036,Fri,,,,false
2024-06-15,22034,Sat,,,,false
2024-06-16,22035,Sun,,,,false
2024-06-17,22068,Mon,,,,false
2024-06-18,22067,Tue,,,,false
2024-06-19,22066,Wed,14,1719206177,1719206192,false
2024-06-20,22065,Thu,34,1719206132,1719206167,false
2024-06-21,22063,Fri,27,1719206097,1719206125,false
2024-06-22,22062,Sat,41,1719206047,1719206089,false
2024-06-23,22070,Sun,25,1719206013,1719206039,false
2024-06-24,22075,Mon,33,1719205971,1719206005,false
2024-06-25,22078,Tue,,,,false
2024-06-26,22080,Wed,,,,false
2024-06-27,22079,Thu,,,,false
2024-06-28,22076,Fri,,,,false
2024-06-29,22082,Sat,,,,false
2024-06-30,22081,Sun,,,,false
2024-07-01,22055,Mon,,,,false
2024-07-02,22052,Tue,,,,false
2024-07-03,22056,Wed,,,,false
2024-07-04,22054,Thu,,,,false
2024-07-05,22053,Fri,22,1720229677,1720229700,false
2024-07-06,22057,Sat,,,,false
2024-07-07,22051,Sun,,,,false
2024-07-08,22099,Mon,,,,false
2024-07-09,22103,Tue,,,,false
2024-07-10,22107,Wed,,,,false
2024-07-11,22104,Thu,,,,false
2024-07-12,22108,Fri,,,,false
2024-07-13,22100,Sat,,,,false
2024-07-14,22106,Sun,,,,false
2024-07-15,22123,Mon,,,,false
2024-07-16,22124,Tue,,,,false
2024-07-17,22121,Wed,,,,false
2024-07-18,22128,Thu,21,1721330192,1721330213,false
2024-07-19,22126,Fri,,,,false
2024-07-20,22127,Sat,,,,false
2024-07-21,22125,Sun,,,,false
2024-07-22,22136,Mon,,,,false
2024-07-23,22140,Tue,,,,false
2024-07-24,22150,Wed,,,,false
2024-07-25,22142,Thu,,,,false
2024-07-26,22141,Fri,,,,false
2024-07-27,22135,Sat,,,,false
2024-07-28,22151,Sun,,,,false
2024-07-29,22143,Mon,,,,false
2024-07-30,22145,Tue,,,,false
2024-07-31,22147,Wed,,,,false
2024-08-01,22149,Thu,,,,false
2024-08-02,22148,Fri,,,,false
2024-08-03,22146,Sat,,,,false
2024-08-04,22144,Sun,,,,false
2024-08-05,22164,Mon,,,,false
2024-08-06,22165,Tue,,,,false
2024-08-07,22166,Wed,,,,false
2024-08-08,22168,Thu,,,,false
2024-08-09,22167,Fri,,,,false
2024-08-10,22171,Sat,,,,false
2024-08-11,22169,Sun,,,,false
2024-08-12,22190,Mon,19,1723426795,1723426815,false
2024-08-13,22191,Tue,,,,false
2024-08-14,22192,Wed,15,1723616341,1723616356,false
2024-08-15,22195,Thu,109,1724033241,1724033352,false
2024-08-16,22194,Fri,41,1724033193,1724033234,false
2024-08-17,22196,Sat,53,1723914968,1723915022,false
2024-08-18,22188,Sun,27,1724033156,1724033183,false
2024-08-19,22212,Mon,23,1724033127,1724033150,false
2024-08-20,22214,Tue,,,,false
2024-08-21,22189,Wed,,,,false
2024-08-22,22193,Thu,,,,false
2024-08-23,22213,Fri,,,,false
2024-08-24,22187,Sat,,,,false
2024-08-25,22215,Sun,,,,false
2024-08-26,22204,Mon,,,,false
2024-08-27,22205,Tue,23,1724725399,1724725423,false
2024-08-28,22210,Wed,25,1724875960,1724875986,false
2024-08-29,22216,Thu,,,,false
2024-08-30,22218,Fri,,,,false
2024-08-31,22221,Sat,,,,false
2024-09-01,22222,Sun,33,1725197432,1725250859,false
2024-09-02,22228,Mon,,,,false
2024-09-03,22229,Tue,,,,false
2024-09-04,22230,Wed,17,1726104664,1726104681,false
2024-09-05,22232,Thu,21,1725504120,1725504142,false
2024-09-06,22233,Fri,27,1725589449,1725589477,false
2024-09-07,22234,Sat,50,1725817579,1725817630,false
2024-09-08,22231,Sun,19,1725817553,1725817572,false
2024-09-09,22181,Mon,24,1725901072,1725901097,false
2024-09-10,22180,Tue,35,1725947252,1725947287,false
2024-09-11,22179,Wed,47,1726033172,1726033219,false
2024-09-12,22178,Thu,22,1726146793,1726146815,false
2024-09-13,22177,Fri,18,1726225779,1726225797,false
2024-09-14,22175,Sat,40,1726482403,1726482443,false
2024-09-15,22176,Sun,14,1726423137,1726423151,false
2024-09-16,22259,Mon,18,1726456910,1726456929,false
2024-09-17,22263,Tue,30,1726553466,1726553496,false
2024-09-18,22262,Wed,19,1726630402,1726630422,false
2024-09-19,22258,Thu,30,1726828562,1726828608,false
2024-09-20,22261,Fri,12,1726828616,1726828628,false
2024-09-21,22264,Sat,50,1726895462,1726895512,false
2024-09-22,22260,Sun,25,1726999639,1726999664,false
2024-09-23,22272,Mon,20,1727060867,1727060888,false
2024-09-24,22266,Tue,21,1727173201,1727178679,false
2024-09-25,22269,Wed,,,,false
2024-09-26,22270,Thu,35,1727382027,1727382062,false
2024-09-27,22271,Fri,32,1727403660,1727403693,false
2024-09-28,22268,Sat,58,1727517233,1727517291,false
2024-09-29,22267,Sun,62,1727589415,1727589477,false
2024-09-30,22277,Mon,21,1727664491,1727664512,false
2024-10-01,22278,Tue,19,1727814270,1727814289,false
2024-10-02,22279,Wed,34,1727864354,1727864388,false
2024-10-03,22280,Thu,,,,false
2024-10-04,22282,Fri,,,,false
2024-10-05,22281,Sat,55,1728136760,1728136815,false
2024-10-06,22283,Sun,55,1728181961,1728182016,false
2024-10-07,22311,Mon,28,1728348771,1728348799,false
2024-10-08,22312,Tue,,,,false
2024-10-09,22335,Wed,24,1728500869,1728500893,false
2024-10-10,22314,Thu,27,1728557749,1728557777,false
2024-10-11,22325,Fri,26,1728622219,1728622246,false
2024-10-12,22326,Sat,48,1728730798,1728730890,false
2024-10-13,22313,Sun,48,1728798705,1728798753,false
2024-10-14,22355,Mon,39,1728878068,1728878108,false
2024-10-15,22346,Tue,19,1729022027,1729022047,false
2024-10-16,22359,Wed,40,1729065651,1729065692,false
2024-10-17,22358,Thu,27,1729191170,1729191198,false
2024-10-18,22357,Fri,33,1729413927,1729413960,false
2024-10-19,22353,Sat,57,1729413864,1729413921,false
2024-10-20,22360,Sun,16,1729413839,1729413855,false
2024-10-21,22365,Mon,26,1729508246,1729508272,false
2024-10-22,22363,Tue,25,1729566791,1729566816,false
2024-10-23,22369,Wed,24,1729668694,1729668719,false
2024-10-24,22364,Thu,30,1729743472,1729743503,false
2024-10-25,22367,Fri,22,1729855863,1729855885,false
2024-10-26,22366,Sat,46,1729918036,1729918082,false
2024-10-27,22381,Sun,26,1730002914,1730002940,false
2024-10-28,22386,Mon,25,1730087178,1730087203,false
2024-10-29,22387,Tue,31,1730192973,1730193005,false
2024-10-30,22389,Wed,16,1730284765,1730284782,false
2024-10-31,22385,Thu,23,1730348196,1730348220,false
2024-11-01,22388,Fri,37,1730491250,1730491288,false
2024-11-02,22408,Sat,26,1731762423,1731762449,false
2024-11-03,22390,Sun,35,1730670455,1730670694,false
2024-11-04,22418,Mon,21,1730706084,1730706105,false
2024-11-05,22419,Tue,21,1730872002,1730872024,false
2024-11-06,22420,Wed,20,1731762456,1731762477,false
2024-11-07,22421,Thu,16,1731762482,1731762498,false
2024-11-08,22422,Fri,38,1731762503,1731762542,false
2024-11-09,22423,Sat,75,1731762548,1731762623,false
2024-11-10,22425,Sun,22,1731762629,1731762651,false
2024-11-11,22448,Mon,23,1731762656,1731762679,false
2024-11-12,22449,Tue,23,1731779464,1731779504,false
2024-11-13,22450,Wed,28,1731779510,1731779539,false
2024-11-14,22451,Thu,26,1731779549,1731779575,false
2024-11-15,22452,Fri,44,1731779593,1731779638,false
2024-11-16,22453,Sat,49,1731779645,1731817285,false
2024-11-17,22454,Sun,19,1731846256,1731846276,false
2024-11-18,22465,Mon,14,1732366216,1732366230,false
2024-11-19,22462,Tue,37,1731991907,1731991945,false
2024-11-20,22467,Wed,21,1732366237,1732366258,false
2024-11-21,22469,Thu,21,1732169453,1732169474,false
2024-11-22,22466,Fri,15,1732366266,1732366282,false
2024-11-23,22468,Sat,49,1732366287,1732366337,false
2024-11-24,22463,Sun,16,1732441109,1732441126,false
2024-11-25,22491,Mon,42,1732550970,1732551013,false
2024-11-26,22490,Tue,34,1732591036,1732591071,false
2024-11-27,22489,Wed,,,,false
2024-11-28,22488,Thu,28,1732779323,1732779352,false
2024-11-29,22487,Fri,24,1732857077,1732857101,false
2024-11-30,22485,Sat,48,1732968990,1732969038,false
2024-12-01,22486,Sun,21,1733197942,1733197963,false
2024-12-02,22495,Mon,28,1733197968,1733197996,false
2024-12-03,22496,Tue,31,1733198001,1733198033,false
2024-12-04,22497,Wed,25,1733286044,1733286070,false
2024-12-05,22500,Thu,35,1733397255,1733397291,false
2024-12-06,22498,Fri,28,1733480577,1733480605,false
2024-12-07,22499,Sat,73,1733546264,1733546338,false
2024-12-08,22501,Sun,,,,false
2024-12-09,22477,Mon,23,1733797990,1733798013,false
2024-12-10,22478,Tue,32,1733828946,1733828979,false
2024-12-11,22479,Wed,,,,false
2024-12-12,22480,Thu,27,1734001940,1734001968,false
2024-12-13,22481,Fri,22,1734118590,1734118613,false
2024-12-14,22482,Sat,79,1734156899,1734156978,false
2024-12-15,22483,Sun,28,1734319946,1734319975,false
2024-12-16,22506,Mon,21,1734512050,1734512072,false
2024-12-17,22505,Tue,19,1734512078,1734512098,false
2024-12-18,22503,Wed,28,1734512112,1734512140,false
2024-12-19,22504,Thu,18,1734662838,1734662857,false
2024-12-20,22508,Fri,28,1734686301,1734686329,false
2024-12-21,22502,Sat,34,1734780559,1734780594,false
2024-12-22,22507,Sun,20,1734867817,1734867838,false
2024-12-23,22512,Mon,19,1734931976,1734931996,false
2024-12-24,22514,Tue,28,1735018217,1735018246,false
2024-12-25,22513,Wed,14,1735127212,1735127226,false
2024-12-26,22515,Thu,42,1735196052,1735196094,false
2024-12-27,22516,Fri,21,1735275911,1735275933,false
2024-12-28,22519,Sat,45,1735386556,1735386601,false
2024-12-29,22517,Sun,22,1735443178,1735443200,false
2024-12-30,22529,Mon,30,1735526930,1735526961,false
2024-12-31,22530,Tue,29,1735677302,1735677332,false
2025-01-01,22531,Wed,30,1735729828,1735729859,false
2025-01-02,22533,Thu,13,1735790700,1735790713,false
2025-01-03,22534,Fri,26,1735881010,1735881044,false
2025-01-04,22535,Sat,65,1735971092,1735971157,false
2025-01-05,22536,Sun,31,1736068859,1736068891,false
2025-01-06,22522,Mon,29,1736136484,1736136513,false
2025-01-07,22523,Tue,31,1736238164,1736238196,false
2025-01-08,22524,Wed,,,,false
2025-01-09,22525,Thu,29,1736405332,1736405361,false
2025-01-10,22526,Fri,36,1736498987,1736499024,false
2025-01-11,22527,Sat,51,1736592694,1736592745,false
2025-01-12,22532,Sun,25,1736668021,1736668046,false
2025-01-13,22543,Mon,25,1736745078,1736745105,false
2025-01-14,22538,Tue,27,1736853915,1736853943,false
2025-01-15,22544,Wed,26,1736929431,1736929457,false
2025-01-16,22540,Thu,38,1737023903,1737023941,false
2025-01-17,22539,Fri,27,1737161372,1737161399,false
2025-01-18,22541,Sat,,,,false
2025-01-19,22542,Sun,,,,false
2025-01-20,22579,Mon,37,1737372483,1737372521,false
2025-01-21,22584,Tue,37,1737508406,1737508458,false
2025-01-22,22585,Wed,,,,false
2025-01-23,22581,Thu,26,1737610303,1737610330,false
2025-01-24,22583,Fri,41,1737717432,1737717473,false
2025-01-25,22580,Sat,50,1737805686,1737805736,false
2025-01-26,22582,Sun,22,1737860695,1737860717,false
2025-01-27,22570,Mon,,,,false
2025-01-28,22574,Tue,27,1738059021,1738059048,false
2025-01-29,22572,Wed,27,1738120160,1738120187,false
2025-01-30,22575,Thu,,,,false
2025-01-31,22576,Fri,,,,false
2025-02-01,22573,Sat,56,1738379352,1738379408,false
2025-02-02,22626,Sun,27,1738494822,1738494849,false
2025-02-03,22608,Mon,22,1738646969,1738646992,false
2025-02-04,22610,Tue,17,1738647000,1738647017,false
2025-02-05,22609,Wed,49,1738740668,1738740718,false
2025-02-06,22611,Thu,18,1738858499,1738858517,false
2025-02-07,22612,Fri,27,1738918229,1738918257,false
2025-02-08,22613,Sat,43,1739764769,1739764813,false
2025-02-09,22640,Sun,19,1739075534,1739075554,false
2025-02-10,22598,Mon,23,1739764819,1739764843,false
2025-02-11,22619,Tue,16,1739764851,1739764871,false
2025-02-12,22644,Wed,18,1739407451,1739407470,false
2025-02-13,22615,Thu,28,1739536383,1739536412,false
2025-02-14,22634,Fri,20,1739536423,1739538482,false
2025-02-15,22635,Sat,45,1739642309,1739642355,false
2025-02-16,22642,Sun,36,1739697101,1739697138,false
2025-02-17,22655,Mon,43,1739765135,1739765179,false
2025-02-18,22656,Tue,31,1739869788,1739869820,false
2025-02-19,22599,Wed,28,1739952697,1739952725,false
2025-02-20,22616,Thu,37,1740115153,1740115191,false
2025-02-21,22657,Fri,40,1740115106,1740115147,false
2025-02-22,22630,Sat,58,1740220757,1740220816,false
2025-02-23,22660,Sun,17,1740297316,1740297334,false
2025-02-24,22659,Mon,30,1740387475,1740387506,false
2025-02-25,22596,Tue,25,1740476195,1740476220,false
2025-02-26,22662,Wed,35,1740563580,1740563615,false
2025-02-27,22639,Thu,29,1740645355,1740645385,false
2025-02-28,22667,Fri,21,1740731844,1740731866,false
2025-03-01,22665,Sat,62,1740819194,1740819257,false
2025-03-02,22629,Sun,34,1740917761,1740917795,false
2025-03-03,22668,Mon,34,1740978437,1740978471,false
2025-03-04,22618,Tue,35,1741068084,1741068119,false
2025-03-05,22658,Wed,32,1741155850,1741155882,false
2025-03-06,22684,Thu,19,1741261109,1741261129,false
2025-03-07,22638,Fri,31,1741370989,1741371020,false
2025-03-08,22680,Sat,64,1741429292,1741429357,false
2025-03-09,22621,Sun,21,1752930214,1752930236,false
2025-03-10,22686,Mon,19,1741631149,1741631168,false
2025-03-11,22683,Tue,39,1741671743,1741671782,false
2025-03-12,22666,Wed,34,1741756306,1741756340,false
2025-03-13,22637,Thu,32,1741847116,1741847149,false
2025-03-14,22694,Fri,45,1741925391,1741925437,false
2025-03-15,22620,Sat,43,1742014495,1742014538,false
2025-03-16,22682,Sun,32,1742101188,1742101220,false
2025-03-17,22702,Mon,21,1742212293,1742212314,false
2025-03-18,22706,Tue,23,1742268389,1742268416,false
2025-03-19,22701,Wed,19,1742365583,1742365603,false
2025-03-20,22707,Thu,31,1742457303,1742457334,false
2025-03-21,22685,Fri,42,1742531370,1742531413,false
2025-03-22,22710,Sat,53,1742635364,1742635417,false
2025-03-23,22617,Sun,31,1742712682,1742712714,false
2025-03-24,22723,Mon,28,1742782858,1742782887,false
2025-03-25,22728,Tue,40,1742871857,1742871898,false
2025-03-26,22734,Wed,50,1742965948,1742965998,false
2025-03-27,22713,Thu,38,1752930242,1752930281,false
2025-03-28,22722,Fri,31,1743152394,1743152426,false
2025-03-29,22714,Sat,57,1743235381,1743235438,false
2025-03-30,22735,Sun,17,1743316062,1743316080,false
2025-03-31,22729,Mon,40,1743407578,1743407619,false
2025-04-01,22633,Tue,23,1743488749,1743488772,false
2025-04-02,22755,Wed,19,1743602065,1743602084,false
2025-04-03,22751,Thu,31,1743670449,1743670480,false
2025-04-04,22730,Fri,31,1743735191,1743735223,false
2025-04-05,22754,Sat,45,1752930288,1752930334,false
2025-04-06,22720,Sun,24,1743900889,1743900913,false
2025-04-07,22712,Mon,39,1743992471,1743992510,false
2025-04-08,22765,Tue,20,1744107437,1744107458,false
2025-04-09,22719,Wed,27,1744173385,1744173412,false
2025-04-10,22731,Thu,37,1744274051,1744274088,false
2025-04-11,22717,Fri,41,1744350582,1744350624,false
2025-04-12,22767,Sat,56,1744448639,1744448695,false
2025-04-13,22759,Sun,22,1752930340,1752930363,false
2025-04-14,22778,Mon,17,1744672991,1744673009,false
2025-04-15,22782,Tue,22,1753183024,1753183046,false
2025-04-16,22771,Wed,22,1753183054,1753183077,false
2025-04-17,22715,Thu,37,1744886357,1744886394,false
2025-04-18,22783,Fri,14,1745015792,1745015807,false
2025-04-19,22779,Sat,50,1745057584,1745057635,false
2025-04-20,22718,Sun,23,1745167834,1745167858,false
2025-04-21,22791,Mon,21,1745198881,1745198908,false
2025-04-22,22769,Tue,21,1745294904,1745294926,false
2025-04-23,22721,Wed,24,1745405723,1745405748,false
2025-04-24,22784,Thu,31,1745477667,1745477699,false
2025-04-25,22785,Fri,28,1745551357,1745551385,false
2025-04-26,22792,Sat,57,1753183082,1753183140,false
2025-04-27,22716,Sun,41,1745710547,1745710589,false
2025-04-28,22793,Mon,27,1745847076,1745847213,false
2025-04-29,22803,Tue,25,1745913555,1745913580,false
2025-04-30,22802,Wed,17,1746018661,1746018678,false
2025-05-01,22786,Thu,25,1746105389,1746105414,false
2025-05-02,22787,Fri,22,1746190969,1746190991,false
2025-05-03,22770,Sat,63,1746329510,1746329574,false
2025-05-04,22790,Sun,30,1746387300,1746387331,false
2025-05-05,22804,Mon,35,1746456450,1747064671,false
2025-05-06,22818,Tue,33,1746509318,1746509351,false
2025-05-07,22800,Wed,38,1746761342,1746761381,false
2025-05-08,20853,Thu,38,1746761392,1746761430,false
2025-05-09,22822,Fri,21,1746761438,1746761460,false
2025-05-10,22826,Sat,81,1746854354,1746854435,false
2025-05-11,22843,Sun,19,1746914799,1746914818,false
2025-05-12,22833,Mon,25,1747002436,1747002461,false
2025-05-13,22807,Tue,14,1747166795,1747166810,false
2025-05-14,22844,Wed,24,1747188101,1747188152,false
2025-05-15,22817,Thu,19,1747298100,1747298119,false
2025-05-16,22839,Fri,43,1747365079,1747365123,false
2025-05-17,22829,Sat,35,1747475723,1747475759,false
2025-05-18,22799,Sun,26,1747618957,1747618983,false
2025-05-19,22854,Mon,28,1747618918,1747618946,false
2025-05-20,22805,Tue,31,1747706683,1747707108,false
2025-05-21,22851,Wed,34,1747869526,1747869561,false
2025-05-22,22857,Thu,21,1747937448,1747937469,false
2025-05-23,22827,Fri,47,1747971442,1747974645,false
2025-05-24,22776,Sat,42,1753183146,1753183189,false
2025-05-25,22858,Sun,21,1748144512,1748144534,false
2025-05-26,22863,Mon,15,1748860524,1748860539,false
2025-05-27,22873,Tue,19,1748361337,1748361357,false
2025-05-28,22865,Wed,18,1748439108,1748439127,false
2025-05-29,22801,Thu,26,1748562408,1748562434,false
2025-05-30,22875,Fri,29,1748626565,1748626595,false
2025-05-31,22788,Sat,52,1748734737,1748734790,false
2025-06-01,22876,Sun,23,1748734797,1748734820,false
2025-06-02,22866,Mon,12,1748860495,1748860508,false
2025-06-03,22877,Tue,21,1748934896,1748934918,false
2025-06-04,22878,Wed,18,1749075667,1749075686,false
2025-06-05,22831,Thu,19,1749123803,1749123823,false
2025-06-06,22811,Fri,22,1749228578,1749228601,false
2025-06-07,22907,Sat,54,1749451088,1749451143,false
2025-06-08,22879,Sun,24,1749398776,1749398801,false
2025-06-09,22891,Mon,56,1749451151,1749451207,false
2025-06-10,22888,Tue,33,1749521496,1749521529,false
2025-06-11,22830,Wed,22,1749781175,1749781198,false
2025-06-12,22900,Thu,18,1749781203,1749781222,false
2025-06-13,22908,Fri,20,1749781228,1749781249,false
2025-06-14,22856,Sat,71,1749982890,1749982961,false
2025-06-15,22916,Sun,31,1750073786,1750073818,false
2025-06-16,22899,Mon,28,1750073823,1750073852,false
2025-06-17,22864,Tue,23,1750264110,1750264134,false
2025-06-18,22920,Wed,28,1750264143,1750264171,false
2025-06-19,22921,Thu,20,1750322573,1750322593,false
2025-06-20,22874,Fri,29,1750402181,1750402210,false
2025-06-21,22919,Sat,45,1750500667,1750589730,false
2025-06-22,22868,Sun,35,1750589735,1750589771,false
2025-06-23,22938,Mon,70,1750733126,1750733196,false
2025-06-24,22918,Tue,34,1750733296,1750733330,false
2025-06-25,22824,Wed,43,1750829467,1750829510,false
2025-06-26,22890,Thu,22,1750938060,1750938083,false
2025-06-27,22940,Fri,20,1750998616,1750998637,false
2025-06-28,22867,Sat,54,1751087692,1751087747,false
2025-06-29,22825,Sun,33,1751440348,1751440381,false
2025-06-30,22943,Mon,30,1751440388,1751440418,false
2025-07-01,22915,Tue,37,1751440425,1751440463,false
2025-07-02,22944,Wed,44,1751440471,1751440516,false
2025-07-03,22950,Thu,18,1751578058,1751578077,false
2025-07-04,22941,Fri,34,1752108256,1752108290,false
2025-07-05,22958,Sat,66,1752108300,1752108366,false
2025-07-06,22942,Sun,54,1752108374,1752108429,false
2025-07-07,22962,Mon,27,1752108440,1752108468,false
2025-07-08,22960,Tue,28,1752108476,1752108505,false
2025-07-09,22966,Wed,22,1752034604,1752034626,false
2025-07-10,22968,Thu,29,1752148548,1752148577,false
2025-07-11,22961,Fri,20,1752206844,1752206864,false
2025-07-12,22937,Sat,44,1753183309,1753183353,false
2025-07-13,22973,Sun,33,1753183359,1753183392,false
2025-07-14,22955,Mon,23,1753191258,1753191281,false
2025-07-15,22975,Tue,15,1753268795,1753268810,false
2025-07-16,22917,Wed,23,1753268815,1753268839,false
2025-07-17,22980,Thu,15,1753268843,1753268858,false
2025-07-18,22976,Fri,37,1753268863,1753268900,false
2025-07-19,20851,Sat,56,1753305482,1753305538,false
2025-07-20,22959,Sun,20,1753305544,1753305565,false
2025-07-21,22978,Mon,31,1753097019,1753305602,false
2025-07-22,22964,Tue,20,1753163492,1753163512,false
2025-07-23,22974,Wed,28,1753305614,1753305642,false
2025-07-24,22988,Thu,16,1753356658,1753356675,false
2025-07-25,22977,Fri,29,1753436027,1753436057,false
2025-07-26,23008,Sat,71,1770172884,1770172955,false
2025-07-27,23007,Sun,14,1770172973,1770172988,false
2025-07-28,22998,Mon,46,1754338253,1754338299,false
2025-07-29,22989,Tue,31,1754338315,1754338346,false
2025-07-30,23012,Wed,29,1754338356,1754338385,false
2025-07-31,22963,Thu,30,1754338394,1754338424,false
2025-08-01,23017,Fri,39,1754338436,1754338475,false
2025-08-02,22957,Sat,53,1754338482,1754338536,false
2025-08-03,23018,Sun,28,1754338544,1754338572,false
2025-08-04,23019,Mon,29,1754338579,1754338608,false
2025-08-05,22971,Tue,25,1770172996,1770173021,false
2025-08-06,23016,Wed,27,1770173030,1770173057,false
2025-08-07,23041,Thu,20,1770173065,1770173085,false
2025-08-08,23045,Fri,37,1770173092,1770173129,false
2025-08-09,23009,Sat,59,1770173137,1770173197,false
2025-08-10,23046,Sun,17,1771206282,1771206299,false
2025-08-11,23004,Mon,28,1771206308,1771206336,false
2025-08-12,23047,Tue,21,1771206344,1771206366,false
2025-08-13,23044,Wed,20,1771206377,1771206397,false
2025-08-14,23070,Thu,27,1771206403,1771206430,false
2025-08-15,23071,Fri,25,1771206437,1771206462,false
2025-08-16,23014,Sat,75,1771206468,1771206544,false
2025-08-17,23020,Sun,23,1771206552,1771206575,false
2025-08-18,23075,Mon,25,1755541038,1771206622,false
2025-08-19,23080,Tue,19,1771206628,1771206647,false
2025-08-20,23105,Wed,21,1771206654,1771206676,false
2025-08-21,23106,Thu,24,1771206684,1771206709,false
2025-08-22,22766,Fri,54,1771206715,1771206769,false
2025-08-23,23107,Sat,70,1771206781,1771206852,false
2025-08-24,22969,Sun,26,1771206858,1771206885,false
2025-08-25,23124,Mon,17,1771206891,1771206909,false
2025-08-26,23104,Tue,36,1771206915,1771206951,false
2025-08-27,23091,Wed,28,1771206958,1771206986,false
2025-08-28,23073,Thu,22,1771206994,1771207016,false
2025-08-29,23078,Fri,25,1771207022,1771207047,false
2025-08-30,23111,Sat,46,1771207052,1771207099,false
2025-08-31,23043,Sun,21,1771207105,1771207127,false
2025-09-01,23125,Mon,,,,false
2025-09-02,23112,Tue,,,,false
2025-09-03,23108,Wed,,,,false
2025-09-04,23126,Thu,,,,false
2025-09-05,23081,Fri,,,,false
2025-09-06,23131,Sat,,,,false
2025-09-07,23074,Sun,,,,false
2025-09-08,23110,Mon,,,,false
2025-09-09,23141,Tue,,,,false
2025-09-10,23093,Wed,,,,false
2025-09-11,23144,Thu,,,,false
2025-09-12,23136,Fri,,,,false
2025-09-13,23155,Sat,,,,false
2025-09-14,23145,Sun,,,,false
2025-09-15,23148,Mon,,,,false
2025-09-16,23150,Tue,,,,false
2025-09-17,23169,Wed,,,,false
2025-09-18,23092,Thu,,,,false
2025-09-19,23109,Fri,,,,false
2025-09-20,23154,Sat,,,,false
2025-09-21,23170,Sun,,,,false
2025-09-22,23151,Mon,,,,false
2025-09-23,23094,Tue,,,,false
2025-09-24,23156,Wed,,,,false
2025-09-25,23193,Thu,,,,false
2025-09-26,23194,Fri,,,,false
2025-09-27,23206,Sat,,,,false
2025-09-28,23157,Sun,,,,false
2025-09-29,23160,Mon,,,,false
2025-09-30,23184,Tue,,,,false
2025-10-01,23215,Wed,33,1771471777,1771561796,false
2025-10-02,23152,Thu,24,1771562010,1771562034,false
2025-10-03,23217,Fri,18,1771562046,1771562064,false
2025-10-04,23195,Sat,44,1772161192,1772161237,false
2025-10-05,23205,Sun,23,1772161243,1772161267,false
2025-10-06,23149,Mon,,,,false
2025-10-07,23218,Tue,,,,false
2025-10-08,23171,Wed,,,,false
2025-10-09,23226,Thu,,,,false
2025-10-10,23196,Fri,,,,false
2025-10-11,23234,Sat,,,,false
2025-10-12,23135,Sun,,,,false
2025-10-13,23230,Mon,,,,false
2025-10-14,23231,Tue,,,,false
2025-10-15,23185,Wed,,,,false
2025-10-16,23237,Thu,,,,false
2025-10-17,23238,Fri,,,,false
2025-10-18,22996,Sat,,,,false
2025-10-19,23257,Sun,,,,false
2025-10-20,23262,Mon,,,,false
2025-10-21,23259,Tue,,,,false
2025-10-22,23263,Wed,,,,false
2025-10-23,23252,Thu,,,,false
2025-10-24,23266,Fri,,,,false
2025-10-25,23235,Sat,,,,false
2025-10-26,23281,Sun,,,,false
2025-10-27,23287,Mon,,,,false
2025-10-28,23282,Tue,,,,false
2025-10-29,23258,Wed,,,,false
2025-10-30,23280,Thu,,,,false
2025-10-31,23236,Fri,,,,false
2025-11-01,23286,Sat,82,1771377886,1771377969,false
2025-11-02,23271,Sun,16,1771377977,1771377994,false
2025-11-03,23292,Mon,32,1771378000,1771378033,false
2025-11-04,23296,Tue,23,1771378040,1771378063,false
2025-11-05,23256,Wed,16,1771378070,1771378086,false
2025-11-06,23284,Thu,22,1771378093,1771378116,false
2025-11-07,23272,Fri,10,1771378124,1771378134,false
2025-11-08,23297,Sat,39,1771378141,1771378181,false
2025-11-09,23173,Sun,36,1771378187,1771378224,false
2025-11-10,23283,Mon,26,1771378232,1771378259,false
2025-11-11,23325,Tue,14,1771378273,1771378288,false
2025-11-12,23254,Wed,36,1771378295,1771378332,false
2025-11-13,23327,Thu,22,1771378338,1771378360,false
2025-11-14,23269,Fri,35,1771378367,1771378402,false
2025-11-15,23294,Sat,45,1771378409,1771378455,false
2025-11-16,23326,Sun,23,1771442428,1771442452,false
2025-11-17,23368,Mon,28,1771442459,1771442488,false
2025-11-18,23364,Tue,22,1771442497,1771442520,false
2025-11-19,23406,Wed,22,1771442527,1771442550,false
2025-11-20,23369,Thu,17,1771442587,1771442604,false
2025-11-21,23376,Fri,14,1771442609,1771442624,false
2025-11-22,23299,Sat,47,1771442629,1771442677,false
2025-11-23,23381,Sun,29,1771469445,1771469674,false
2025-11-24,23404,Mon,19,1771471501,1771471520,false
2025-11-25,23402,Tue,21,1771471526,1771471548,false
2025-11-26,23267,Wed,39,1771471557,1771471596,false
2025-11-27,23260,Thu,60,1771471601,1771471662,false
2025-11-28,23261,Fri,28,1771471667,1771471695,false
2025-11-29,23298,Sat,40,1771471701,1771471741,false
2025-11-30,23408,Sun,17,1771471746,1771471764,false
2025-12-01,23414,Mon,15,1771215213,1771215228,false
2025-12-02,23442,Tue,36,1771215235,1771215271,false
2025-12-03,23441,Wed,15,1771215279,1771215294,false
2025-12-04,23412,Thu,18,1771215299,1771215318,false
2025-12-05,23410,Fri,19,1764976832,1764976851,false
2025-12-06,23415,Sat,45,1771215327,1771215373,false
2025-12-07,23443,Sun,23,1771215379,1771215402,false
2025-12-08,23409,Mon,41,1771215409,1771215451,false
2025-12-09,23453,Tue,38,1771215457,1771215495,false
2025-12-10,23403,Wed,29,1771215502,1771215532,false
2025-12-11,23413,Thu,22,1771215538,1771215560,false
2025-12-12,23454,Fri,14,1771215566,1771215580,false
2025-12-13,23295,Sat,100,1771215586,1771363283,false
2025-12-14,23417,Sun,17,1771363289,1771363306,false
2025-12-15,23475,Mon,21,1771363312,1771363333,false
2025-12-16,23477,Tue,25,1771363339,1771363364,false
2025-12-17,23190,Wed,20,1771363369,1771363389,false
2025-12-18,23480,Thu,22,1771363395,1771363418,false
2025-12-19,23379,Fri,20,1771376234,1771376255,false
2025-12-20,23517,Sat,43,1771376262,1771376305,false
2025-12-21,23411,Sun,26,1771376311,1771376337,false
2025-12-22,23407,Mon,20,1771376342,1771376362,false
2025-12-23,23518,Tue,22,1771376367,1771376389,false
2025-12-24,23519,Wed,25,1771376402,1771376429,false
2025-12-25,23401,Thu,15,1771376440,1771376456,false
2025-12-26,23521,Fri,18,1771376576,1771376595,false
2025-12-27,23543,Sat,46,1771376601,1771376648,false
2025-12-28,23488,Sun,17,1771376654,1771376671,false
2025-12-29,23541,Mon,27,1771376678,1771376706,false
2025-12-30,23520,Tue,20,1771376711,1771376731,false
2025-12-31,23542,Wed,13,1771376736,1771376750,false
2026-01-01,23486,Thu,32,1771213998,1771214031,false
2026-01-02,23487,Fri,20,1771213972,1771213992,false
2026-01-03,23544,Sat,52,1767431957,1767432009,false
2026-01-04,23545,Sun,24,1771214039,1771214064,false
2026-01-05,23547,Mon,17,1771214069,1771214087,false
2026-01-06,22994,Tue,33,1771214093,1771214127,false
2026-01-07,22995,Wed,36,1767785193,1767785229,false
2026-01-08,22991,Thu,21,1771214132,1771214154,false
2026-01-09,22992,Fri,18,1771214159,1771214178,false
2026-01-10,22993,Sat,60,1771214185,1771214245,false
2026-01-11,23620,Sun,20,1768189468,1768189489,false
2026-01-12,23522,Mon,10,1771214251,1771214262,false
2026-01-13,23623,Tue,21,1771214267,1771214288,false
2026-01-14,23288,Wed,34,1771214297,1771214332,false
2026-01-15,23626,Thu,15,1771214340,1771214356,false
2026-01-16,23627,Fri,35,1771214362,1771214397,false
2026-01-17,23625,Sat,44,1771214402,1771214446,false
2026-01-18,23622,Sun,36,1771214452,1771214488,false
2026-01-19,23650,Mon,20,1771214493,1771214513,false
2026-01-20,23490,Tue,27,1771214519,1771214547,false
2026-01-21,23633,Wed,20,1771214552,1771214572,false
2026-01-22,23665,Thu,21,1771214578,1771214599,false
2026-01-23,23285,Fri,17,1771214604,1771214622,false
2026-01-24,23670,Sat,63,1771214627,1771214691,false
2026-01-25,23630,Sun,,1771214696,1771214764,true
2026-01-26,23647,Mon,26,1771214772,1771214798,false
2026-01-27,23679,Tue,17,1771214804,1771214821,false
2026-01-28,23405,Wed,23,1771214827,1771214850,false
2026-01-29,23680,Thu,20,1771214855,1771214876,false
2026-01-30,23684,Fri,23,1771214881,1771214904,false
2026-01-31,23482,Sat,48,1771215088,1771215137,false
2026-02-01,23629,Sun,22,1769972098,1769972125,false
2026-02-02,23681,Mon,27,1771207139,1771207166,false
2026-02-03,23701,Tue,21,1770092562,1770092584,false
2026-02-04,23694,Wed,42,1770269081,1770269123,false
2026-02-05,23703,Thu,33,1770269132,1770269165,false
2026-02-06,23700,Fri,13,1770402027,1770402041,false
2026-02-07,23706,Sat,37,1770501844,1770501890,false
2026-02-08,23697,Sun,19,1770571680,1770571699,false
2026-02-09,23698,Mon,34,1770604947,1770604982,false
2026-02-10,23735,Tue,29,1770700291,1770700321,false
2026-02-11,23685,Wed,26,1770864075,1770864101,false
2026-02-12,23739,Thu,32,1771206211,1771206243,false
2026-02-13,23745,Fri,22,1771031983,1771032006,false
2026-02-14,23734,Sat,39,1771206160,1771206199,false
2026-02-15,23737,Sun,29,1771206113,1771206142,false
2026-02-16,23748,Mon,24,1771206081,1771206106,false
2026-02-17,23705,Tue,26,1771303214,1771303240,false
2026-02-18,23726,Wed,22,1771422172,1771422195,false
2026-02-19,23687,Thu,19,1771471468,1771471488,false
2026-02-20,23771,Fri,21,1771561751,1771561772,false
2026-02-21,23773,Sat,69,1771653764,1771653834,false
2026-02-22,23738,Sun,19,1771741891,1771741911,false
2026-02-23,23774,Mon,19,1771812863,1771812885,false
2026-02-24,23523,Tue,59,1771906873,1771906932,false
2026-02-25,23742,Wed,29,1772070112,1772070142,false
2026-02-26,23775,Thu,20,1772139345,1772139365,false
2026-02-27,23785,Fri,30,1772192693,1772192724,false
2026-02-28,23683,Sat,51,1772252400,1772252452,false
2026-03-01,23786,Sun,25,1772328875,1772328900,false
2026-03-02,23793,Mon,27,1772451588,1772451615,false
2026-03-03,23806,Tue,26,1772510298,1772510325,false
2026-03-04,23790,Wed,21,1772684465,1772684486,false
2026-03-05,23809,Thu,48,1772739179,1772739252,false
2026-03-06,23791,Fri,19,1772819340,1772819360,false
2026-03-07,23826,Sat,44,1772854546,1772854590,false
2026-03-08,23816,Sun,28,1772937769,1772937798,false
2026-03-09,23820,Mon,36,1773100588,1773100625,false
2026-03-10,23788,Tue,28,1773156231,1773156260,false
2026-03-11,23810,Wed,24,1773196293,1773196317,false
2026-03-12,23741,Thu,13,1773335968,1773335981,false
2026-03-13,23843,Fri,41,1773445800,1773445841,false
2026-03-14,23844,Sat,38,1773456459,1773456497,false
2026-03-15,23848,Sun,18,1773531916,1773531934,false
2026-03-16,23845,Mon,27,1773631544,1773631571,false
2026-03-17,23850,Tue,21,1773715505,1773715526,false
2026-03-18,23908,Wed,30,1773810776,1773810807,false
2026-03-19,23866,Thu,20,1773888734,1773888755,false
2026-03-20,23812,Fri,30,1773975733,1773975763,false
2026-03-21,23796,Sat,52,1774060775,1774060827,false
2026-03-22,23867,Sun,23,1774146323,1774146347,false
2026-03-23,23886,Mon,17,1774220101,1774220119,false
2026-03-24,23860,Tue,10,1774322650,1774322661,false
2026-03-25,23865,Wed,21,1774445746,1774445767,false
2026-03-26,23868,Thu,9,1774495480,1774495489,false
2026-03-27,23887,Fri,19,1774648444,1774648463,false
2026-03-28,23811,Sat,47,1774663442,1774663489,false
2026-03-29,23877,Sun,22,1774748297,1774748320,false
2026-03-30,23883,Mon,27,1774836831,1774836859,false
2026-03-31,23912,Tue,24,1774923474,1774923499,false
2026-04-01,23813,Wed,31,1775077469,1775077500,false
2026-04-02,23880,Thu,30,1775157955,1775157985,false
2026-04-03,23913,Fri,18,1775271681,1775271700,false
2026-04-04,23753,Sat,44,1775271861,1775271905,false
2026-04-05,23872,Sun,11,1775344042,1775344053,false
2026-04-06,23878,Mon,17,1775445705,1775445722,false
2026-04-07,23909,Tue,20,1775533679,1775533699,false
2026-04-08,23914,Wed,21,1775697206,1775697233,false
2026-04-09,23905,Thu,28,1775707337,1775707365,false
2026-04-10,23933,Fri,19,1775842921,1775842941,false
2026-04-11,23932,Sat,41,1775925076,1775925125,false
2026-04-12,23870,Sun,47,1775952054,1775952498,false
2026-04-13,23936,Mon,26,1776037123,1776037150,false
2026-04-14,23934,Tue,20,1776219607,1776219628,false
2026-04-15,23879,Wed,25,1776226068,1776226094,false
2026-04-16,23954,Thu,19,1776309438,1776309457,false
2026-04-17,23955,Fri,16,1776448478,1776448494,false
2026-04-18,23939,Sat,54,1776557327,1776557381,false
2026-04-19,23686,Sun,19,1776558273,1776558292,false
2026-04-20,23965,Mon,25,1776659026,1776659051,false
2026-04-21,23964,Tue,20,1776740056,1776740077,false
2026-04-22,23862,Wed,26,1776825355,1776825386,false
2026-04-23,23982,Thu,19,1776947072,1776947092,false
2026-04-24,23969,Fri,26,1777045487,1777045514,false
2026-04-25,23971,Sat,59,1777164479,1777164538,false
2026-04-26,23966,Sun,25,1777204251,1777204276,false
2026-04-27,23702,Mon,23,1777256542,1777256565,false
2026-04-28,23957,Tue,20,1777386867,1777386889,false
2026-04-29,23967,Wed,21,1777445800,1777445821,false
2026-04-30,23935,Thu,22,1777516575,1777516597,false
2026-05-01,23960,Fri,12,1777602385,1777602397,false
2026-05-02,23979,Sat,33,1777766066,1777766100,false
2026-05-03,23958,Sun,13,1777771150,1777771163,false
2026-05-04,23973,Mon,27,1777855093,1777855121,false
2026-05-05,23985,Tue,26,1777960096,1777960123,false
2026-05-06,24002,Wed,35,1778033336,1778033371,false
2026-05-07,23998,Thu,17,1778153801,1778153819,false
2026-05-08,23977,Fri,20,1778257209,1778257229,false
